{
  "ScenePosition": [
    92.53722982781943,
    312.6863967746239,
    6.306681101014969 // annotation height
  ],
  "WorldPosition": [ // does nothing for annotation, seems to be the same as ScenePosition
    92.53722982781943,
    312.6863967746239,
    6.306681101014969
  ],
  "eye": {
    "0": 55.814286087075075,
    "1": 271.4529242102422,
    "2": 121.41016153385308
  },
  "target": {
    "0": 54.4164887699,
    "1": 272.5327644829,
    "2": 8.9718781501 // target view height
  },
  "title": "Test",
  "text": ""
}




CENTER OF MODEL

{
  "ScenePosition": [
    85.54008069361765,
    308.59918091711785,
    -0.5519167207337111 //
  ],
  "WorldPosition": [
    85.54008069361765,
    308.59918091711785,
    -0.5519167207337111
  ],
  "eye": {
    "0": 103.46525893074777,
    "1": 311.9231825285038,
    "2": 92.92660366833249
  },
  "target": {
    "0": 99.69767247297173,
    "1": 314.77405383905995,
    "2": 8.203591532776313
  },
  "title": "Test",
  "text": ""
}